{
  "Layers": [
    {
      "Files": [
        "Sounds/Weapons/Staff/Slam/ArcaneExplosion.ogg"
      ],
      "RandomSettings": {
        "MinPitch": -1.8240371213405997,
        "MaxPitch": 1.6500422849992202,
        "MinVolume": -0.9151498112135024,
        "MaxVolume": 0.8278537031645015
      }
    }
  ],
  "MaxInstance": 5,
  "Volume": 2.9019608002851363,
  "Parent": "SFX_Attn_Loud"
}